,City,Lat,Lng,Max Temp,Humidity,Cloudiness,Wind Speed,Country,Date
0,clarence town,42.9767,-78.592,10.99,80,23,1.99,US,1613098309
1,tasiilaq,65.6145,-37.6368,19.4,73,75,26.46,GL,1613098309
2,puerto ayora,36.5939,-6.233,60.8,88,75,9.22,ES,1613098310
3,acapulco,16.8634,-99.8901,77.0,78,1,6.91,MX,1613098220
4,trat,12.5,102.5,86.0,47,0,6.91,TH,1613098310
5,ushuaia,-54.8,-68.3,48.2,66,40,27.63,AR,1613098070
6,faya,18.3851,42.4509,51.8,46,0,4.61,SA,1613098154
7,thompson,55.7435,-97.8558,-31.0,75,20,2.3,CA,1613098287
8,vestmannaeyjar,63.4427,-20.2734,41.14,71,100,38.61,IS,1613098311
9,phalaborwa,-23.943,31.1411,71.6,88,4,5.75,ZA,1613098311
10,kokoda,-8.8785,147.7407,86.22,59,77,1.1,PG,1613098058
11,sheridan,44.8333,-106.9173,-13.0,64,90,6.91,US,1613098312
12,hermanus,-34.4187,19.2345,73.0,91,98,6.8,ZA,1613098312
13,dakar,14.6937,-17.4441,66.2,63,0,18.41,SN,1613098312
14,mount gambier,53.6597,-1.8537,26.01,90,67,1.01,GB,1613098312
15,vaini,-21.2,-175.2,86.0,79,40,9.22,TO,1613098090
16,georgetown,5.4112,100.3354,86.0,65,20,8.05,MY,1613098246
17,luanda,-8.8368,13.2343,80.6,78,75,4.61,AO,1613097683
18,bluff,-46.6,168.3333,61.0,68,2,8.99,NZ,1613098313
19,leningradskiy,69.3833,178.4167,-14.48,87,100,12.46,RU,1613098313
20,punta arenas,8.9897,125.34,85.73,63,0,3.91,PH,1613098313
21,jamestown,42.097,-79.2353,14.0,79,40,5.75,US,1613097889
22,padang,-0.9492,100.3543,86.0,66,20,2.3,ID,1613098282
23,saint-augustin,51.226,-58.6502,24.58,94,100,15.12,CA,1613098173
24,jalu,29.0331,21.5482,53.02,84,0,10.29,LY,1613098314
25,moron,-34.6534,-58.6198,73.0,94,99,8.88,AR,1613098066
26,iqaluit,63.7506,-68.5145,-0.4,78,90,17.27,CA,1613097723
27,kruisfontein,-34.0033,24.7314,73.0,89,100,1.01,ZA,1613098315
28,bambous virieux,-20.2567,57.4061,78.8,73,75,8.05,MU,1613098315
29,barrow,71.2906,-156.7887,-43.6,83,1,9.22,US,1613098096
30,mataura,-46.1927,168.8643,61.0,68,0,8.99,NZ,1613098271
31,ahuimanu,21.4447,-157.8378,80.6,57,20,6.91,US,1613098315
32,makakilo city,21.3524,-158.0865,80.6,57,1,11.5,US,1613098315
33,cape town,-36.413,-71.9028,62.6,100,87,4.61,CL,1613098316
34,bogorodskoye,56.55,37.8833,3.02,94,100,9.86,RU,1613098316
35,drayton valley,-27.5833,151.9167,84.2,39,75,10.36,AU,1613098290
36,rikitea,-23.1203,-134.9692,79.43,68,96,5.03,PF,1613098316
37,salinopolis,-0.6136,-47.3561,78.76,86,83,9.62,BR,1613097717
38,lagoa,39.05,-27.9833,58.12,87,100,22.82,PT,1613098316
39,toba,34.4833,136.85,48.99,67,100,1.99,JP,1613098317
40,sava,40.4034,17.5584,51.01,78,83,3.0,IT,1613098317
41,chokurdakh,70.6333,147.9167,-15.66,79,92,3.91,RU,1613098317
42,port alfred,-7.0349,29.7638,73.2,72,100,6.35,CD,1613098317
43,hithadhoo,-0.6,73.0833,81.48,77,88,12.3,MV,1613098317
44,lipetsk,52.6031,39.5708,18.05,97,100,14.09,RU,1613098038
45,iralaya,15.0,-83.2333,76.5,83,33,7.27,HN,1613098318
46,nuuk,64.1835,-51.7216,19.4,86,90,12.66,GL,1613098318
47,khatanga,71.9667,102.5,-26.86,86,97,5.86,RU,1613098318
48,miraflores,19.2167,-98.8083,62.6,36,1,8.05,MX,1613098318
49,sitka,57.0531,-135.33,28.4,29,1,4.61,US,1613098128
50,izumo,35.3667,132.7667,46.4,61,0,3.44,JP,1613098319
51,chuy,-33.6971,-53.4616,69.76,92,100,13.27,UY,1613098319
52,urucui,-7.2294,-44.5561,76.32,84,97,1.36,BR,1613098319
53,zhuhai,22.2769,113.5678,68.0,63,0,12.66,CN,1613098319
54,soyo,-6.1349,12.3689,79.38,81,100,4.92,AO,1613098170
55,margate,51.3813,1.3862,32.0,61,37,5.01,GB,1613098319
56,lebu,-37.6167,-73.65,59.83,92,0,14.38,CL,1613098320
57,marystown,47.1666,-55.1483,21.9,96,100,29.8,CA,1613098098
58,kodiak,57.79,-152.4072,39.2,81,90,36.82,US,1613098320
59,point pedro,-29.8647,31.0413,75.0,94,40,2.3,ZA,1613098320
60,sao filipe,20.5113,76.2129,70.48,30,47,10.6,IN,1613098320
61,benjamin constant,40.0983,-111.7313,48.2,43,75,5.75,US,1613098320
62,springbok,-29.6643,17.8865,70.09,63,13,2.64,ZA,1613098321
63,westport,41.1415,-73.3579,28.4,40,1,9.22,US,1613098175
64,minna,9.6139,6.5569,80.6,34,0,5.75,NG,1613098321
65,luderitz,-26.6481,15.1594,64.15,88,30,0.63,NA,1613098321
66,burnie,-41.0667,145.9167,61.0,85,26,5.01,AU,1613098321
67,busselton,-33.65,115.3333,69.93,46,0,5.41,AU,1613098322
68,college,64.8569,-147.8028,14.0,67,75,3.44,US,1613098138
69,chapais,49.7834,-74.8492,-5.8,71,90,16.11,CA,1613098322
70,zhigansk,66.7697,123.3711,-5.35,91,98,3.96,RU,1613098119
71,maracaibo,10.6317,-71.6406,79.25,65,63,12.26,VE,1613098322
72,butaritari,3.0707,172.7902,81.93,76,0,12.8,KI,1613098106
73,clyde river,41.3042,-82.9752,17.01,75,93,7.99,US,1613098323
74,yellowknife,62.456,-114.3525,-11.0,77,1,6.91,CA,1613098323
75,nome,64.5011,-165.4064,12.2,85,90,16.11,US,1613098323
76,buri,-23.7975,-48.5928,65.91,96,99,5.93,BR,1613098323
77,new norfolk,6.6518,-10.5932,76.71,93,86,2.39,LR,1613098323
78,roma,43.2128,-75.4557,8.6,72,1,2.62,US,1613098324
79,arraial do cabo,-22.8362,-46.646,69.01,88,90,9.22,BR,1613098324
80,hobyo,5.3505,48.5268,74.89,75,100,14.92,SO,1613098324
81,kyabe,9.4515,18.9449,68.76,22,70,3.96,TD,1613098324
82,hambantota,6.1241,81.1185,73.4,94,20,5.75,LK,1613098324
83,tiksi,71.6872,128.8694,-7.37,88,79,6.04,RU,1613098324
84,north bend,50.3333,3.6667,23.0,86,83,6.91,FR,1613098325
85,hay river,52.0705,-3.1274,30.0,76,100,4.0,GB,1613098325
86,saint-philippe,-21.3585,55.7679,75.2,69,84,8.05,RE,1613098325
87,morehead,37.2711,-87.1764,27.0,86,90,3.44,US,1613098325
88,hilo,19.7297,-155.09,77.0,61,90,10.36,US,1613098326
89,grand river south east,38.8755,-109.5012,48.0,36,1,3.33,US,1613098326
90,butler,39.4501,-84.5666,21.99,68,1,8.05,US,1613098327
91,sahy,48.0741,18.9495,16.0,72,0,11.01,SK,1613098327
92,vacaria,-28.5122,-50.9339,57.29,99,34,5.79,BR,1613098327
93,nemuro,43.3236,145.575,30.2,59,20,10.36,JP,1613098148
94,tabou,4.423,-7.3528,77.9,89,47,6.76,CI,1613098328
95,airai,-8.9266,125.4092,74.25,78,46,2.26,TL,1613098328
96,namibe,-15.1961,12.1522,72.37,79,94,3.58,AO,1613098328
97,dabat,12.9842,37.765,45.99,55,64,3.53,ET,1613098328
98,qaanaaq,77.484,-69.3632,5.59,71,0,7.56,GL,1613098274
99,sobolevo,54.4299,31.8996,4.89,94,100,18.77,RU,1613098329
100,kapaa,22.0752,-159.319,75.2,57,1,6.91,US,1613098116
101,victoria,22.2855,114.1577,66.99,65,0,4.0,HK,1613098098
102,gravdal,68.1214,13.5031,35.22,78,100,33.55,NO,1613098329
103,tres lagoas,46.3231,11.0969,21.99,59,5,2.39,IT,1613098329
104,bethel,41.3712,-73.414,24.01,54,1,8.05,US,1613098329
105,rocha,-34.4833,-54.3333,68.32,92,100,10.25,UY,1613098153
106,egvekinot,66.3167,-179.1667,-20.72,84,0,10.78,RU,1613098330
107,kaitangata,-46.2817,169.8464,61.0,65,2,8.99,NZ,1613098330
108,bandiagara,14.3501,-3.6104,76.86,16,0,9.57,ML,1613098330
109,port keats,-7.0349,29.7638,73.2,72,100,6.35,CD,1613098330
110,jinan,36.6683,116.9972,61.0,52,3,1.99,CN,1613098269
111,sao joao da barra,20.5113,76.2129,71.55,22,99,7.58,IN,1613098078
112,jiaonan,35.8786,119.9753,53.6,66,81,8.95,CN,1613098207
113,mega,4.05,38.3,61.66,49,87,5.84,ET,1613098178
114,taltal,-25.4,-70.4833,65.82,73,1,2.19,CL,1613098331
115,codrington,-38.2667,141.9667,67.66,52,92,12.95,AU,1613098332
116,albany,42.6001,-73.9662,17.6,53,20,8.05,US,1613097910
117,atuona,-9.8,-139.0333,79.59,74,0,9.91,PF,1613098332
118,azad shahr,40.695,46.5106,42.8,93,90,4.61,AZ,1613098332
119,provideniya,64.3833,-173.3,-4.0,65,75,38.03,RU,1613098332
120,stawell,-37.05,142.7667,75.25,33,1,10.94,AU,1613098333
121,kindu,-2.95,25.95,70.75,96,100,1.39,CD,1613098333
122,severo-kurilsk,50.6789,156.125,31.73,91,88,3.62,RU,1613098333
123,mantua,45.1667,10.7833,39.99,71,82,11.99,IT,1613098333
124,port hedland,-7.0349,29.7638,73.2,72,100,6.35,CD,1613098317
125,chik,54.9928,82.4311,-25.6,75,0,4.47,RU,1613098333
126,dedza,-14.3779,34.3332,58.55,100,100,1.21,MW,1613098334
127,aklavik,68.2191,-135.0107,-0.4,78,100,2.3,CA,1613098151
128,mirzapur,25.15,82.5833,57.2,94,37,2.8,IN,1613098334
129,pevek,69.7008,170.3133,-23.24,84,46,2.19,RU,1613098334
130,kulhudhuffushi,6.6221,73.07,80.01,65,0,8.43,MV,1613098334
131,peterhead,57.5058,-1.7981,35.6,69,90,18.41,GB,1613098335
132,mar del plata,43.4002,-4.0094,55.4,94,90,11.5,ES,1613098335
133,dingle,10.9995,122.6711,84.74,73,35,0.58,PH,1613098335
134,porto novo,41.1496,-8.611,55.4,94,75,5.75,PT,1613098036
135,dunedin,-45.8742,170.5036,57.0,66,20,14.0,NZ,1613098336
136,hobart,-42.8794,147.3294,73.0,40,40,17.27,AU,1613098086
137,fortuna,40.5982,-124.1573,48.99,100,90,3.44,US,1613098313
138,port hawkesbury,-7.0349,29.7638,73.2,72,100,6.35,CD,1613098330
139,port blair,-7.0349,29.7638,73.2,72,100,6.35,CD,1613098317
140,saskylakh,71.9167,114.0833,-15.11,86,100,3.51,RU,1613098336
141,bandarbeyla,9.4942,50.8122,71.31,77,56,11.34,SO,1613098300
142,tam ky,13.1339,12.1367,66.42,25,0,8.48,NE,1613098337
143,bara,10.3744,10.7288,64.42,27,0,5.03,NG,1613098337
144,constitucion,-35.3333,-72.4167,59.45,91,92,5.91,CL,1613097956
145,rivadavia,-33.1905,-68.4608,75.2,64,20,2.3,AR,1613098186
146,mys shmidta,62.0589,48.6201,-5.21,91,100,4.63,RU,1613098338
147,carnarvon,-24.8667,113.6333,84.2,58,71,16.11,AU,1613098338
148,skjervoy,70.0311,20.9714,33.75,87,100,32.75,NO,1613098338
149,natal,-5.795,-35.2094,80.6,83,40,11.5,BR,1613098176
150,mahebourg,-20.4081,57.7,78.8,73,75,8.05,MU,1613098338
151,dikson,73.5069,80.5464,-14.22,89,99,6.15,RU,1613098339
152,leh,34.1667,77.5833,8.6,68,0,2.26,IN,1613098274
153,isabela,6.7085,121.9711,86.0,79,40,5.75,PH,1613098339
154,moerai,-22.4333,-151.3333,82.02,66,33,9.78,PF,1613098339
155,hasaki,35.7333,140.8333,52.0,57,75,5.75,JP,1613098339
156,atar,20.5169,-13.0499,65.34,21,0,10.56,MR,1613098340
157,nawa,27.0167,75.0,63.0,34,100,6.91,IN,1613098340
158,lokosovo,61.1333,74.8167,-27.33,85,67,6.4,RU,1613098340
159,petropavlovsk-kamchatskiy,53.0452,158.6483,28.4,64,93,4.47,RU,1613098340
160,vardo,70.3705,31.1107,22.32,95,67,15.73,NO,1613098340
161,anloga,5.7947,0.8973,84.2,84,40,10.36,GH,1613098341
162,port elizabeth,-7.0349,29.7638,73.2,72,100,6.35,CD,1613098317
163,cockburn harbour,-32.0833,141.0,80.6,47,40,13.8,AU,1613098341
164,mercedes,-34.6515,-59.4307,66.99,98,100,1.01,AR,1613098341
165,geraldton,-28.7667,114.6,87.8,25,0,10.36,AU,1613098341
166,gat,31.61,34.7642,51.01,81,0,1.07,IL,1613097901
167,contamana,-7.3333,-75.0167,73.8,95,100,1.81,PE,1613098342
168,skiathos,39.1623,23.4909,46.99,69,0,1.01,GR,1613098342
169,bredasdorp,-34.5322,20.0403,71.6,88,82,3.44,ZA,1613098342
170,souillac,-20.5167,57.5167,78.8,73,75,8.05,MU,1613098342
171,jimma,7.6667,36.8333,64.49,59,98,2.15,ET,1613098343
172,sarakhs,36.5449,61.1577,46.4,66,0,23.02,IR,1613098343
173,tautira,-17.7333,-149.15,86.0,62,75,3.44,PF,1613098343
174,yonezawa,37.9167,140.1167,51.01,49,56,1.01,JP,1613098343
175,maarianhamina,60.0973,19.9348,15.8,92,40,1.14,AX,1613098121
176,sabang,5.8933,95.3214,81.79,72,11,3.85,ID,1613098343
177,sena madureira,14.327,100.4043,86.0,50,99,1.99,TH,1613098344
178,mattawa,46.7379,-119.9028,23.0,63,90,19.57,US,1613098344
179,anadyr,64.75,177.4833,-25.01,68,0,15.66,RU,1613098344
180,mehamn,71.0357,27.8492,20.21,91,98,9.44,NO,1613098344
181,ballina,-28.8667,153.5667,84.2,61,75,16.11,AU,1613098344
182,touros,-5.1989,-35.4608,80.6,78,40,6.91,BR,1613098345
183,alyangula,-13.8483,136.4192,86.0,70,75,5.75,AU,1613098345
184,roswell,34.0232,-84.3616,59.0,100,90,3.44,US,1613098232
185,tuatapere,-46.1333,167.6833,61.0,68,5,8.99,NZ,1613098345
186,mananjary,-21.2167,48.3333,74.3,90,100,4.18,MG,1613098092
187,mapiripan,2.8892,-72.1256,76.68,67,54,3.65,CO,1613098346
188,yulara,-25.2406,130.9889,73.4,100,90,16.11,AU,1613098025
189,aykhal,66.0,111.5,-20.49,81,0,5.64,RU,1613098308
190,castro,-24.7911,-50.0119,60.6,98,100,6.85,BR,1613098346
191,east london,65.0,-15.0,30.2,80,75,4.29,IS,1613098346
192,sibolga,1.7427,98.7792,86.34,60,90,1.77,ID,1613098347
193,forestville,38.8451,-76.875,33.01,80,75,8.05,US,1613098347
194,hovd,48.0056,91.6419,10.11,67,14,2.77,MN,1613098347
195,kandrian,-6.2167,149.55,80.4,86,98,14.72,PG,1613098347
196,salisbury,51.0693,-1.7957,32.0,80,90,14.97,GB,1613098280
197,esperance,-33.8667,121.9,68.0,49,90,8.05,AU,1613098347
198,sanmenxia,34.7747,111.1814,58.37,36,0,2.68,CN,1613098348
199,ribeira grande,42.7461,-8.4439,53.01,93,75,11.5,ES,1613098348
200,san patricio,13.3034,-4.8956,74.95,17,0,8.43,ML,1613098201
201,kabo,7.6994,18.629,69.31,22,43,3.78,CF,1613098349
202,ipora,-16.4419,-51.1178,70.3,91,93,1.19,BR,1613098349
203,west wendover,31.8024,-97.0917,28.4,93,90,6.91,US,1613098349
204,mosta,35.9092,14.4256,55.99,82,20,8.05,MT,1613098349
205,namie,37.4833,141.0,48.99,45,80,1.01,JP,1613098349
206,karratha,-20.7377,116.8463,84.61,65,67,13.96,AU,1613098350
207,ilulissat,69.2167,-51.1,10.4,67,90,13.8,GL,1613098096
208,namwala,-15.7504,26.4384,66.24,98,100,3.18,ZM,1613098350
209,talnakh,69.4865,88.3972,-19.64,87,97,1.86,RU,1613098302
210,orlik,52.5178,99.825,-12.59,77,3,1.95,RU,1613098174
211,katsuura,35.1333,140.3,52.0,49,100,5.01,JP,1613098351
212,san carlos de bariloche,13.3034,-4.8956,74.95,17,0,8.43,ML,1613098118
213,cidreira,-30.1811,-50.2056,74.35,80,99,11.34,BR,1613098142
214,opuwo,-18.0607,13.84,65.34,78,92,3.62,NA,1613098351
215,uvarovo,51.9849,42.2615,18.79,98,100,11.05,RU,1613098351
216,colares,38.7992,-9.4469,57.0,94,75,5.75,PT,1613098352
217,burgeo,47.6167,-57.6152,19.33,96,100,22.28,CA,1613098352
218,cabo san lucas,-8.2833,-35.0333,80.6,65,75,10.36,BR,1613098352
219,shubarshi,48.5872,57.1869,24.35,96,83,10.18,KZ,1613098352
220,kamiiso,41.8167,140.65,35.6,55,20,6.91,JP,1613098352
221,trapani,37.8333,12.6667,57.99,100,0,8.05,IT,1613098353
222,port lincoln,-7.0349,29.7638,72.81,70,100,4.34,CD,1613098353
223,marsa matruh,35.8792,14.4953,55.99,82,20,8.05,MT,1613098353
224,kinshasa,-4.3246,15.3215,80.6,88,77,3.44,CD,1613098309
225,kaputa,-8.4689,29.6619,67.66,86,100,3.04,ZM,1613098353
226,taoudenni,22.6783,-3.9836,65.34,22,17,12.59,ML,1613098353
227,chernyshevskiy,63.0128,112.4714,-19.03,87,89,3.51,RU,1613098354
228,morgan city,39.7167,-90.2168,12.99,73,90,14.97,US,1613098354
229,puri,19.8,85.85,68.0,88,20,4.81,IN,1613098354
230,loei,17.4167,101.5,68.0,88,20,2.68,TH,1613098354
231,west bay,31.8024,-97.0917,28.4,93,90,6.91,US,1613098349
232,epernay,49.05,3.95,23.0,74,0,13.96,FR,1613098355
233,pemba,-12.974,40.5178,77.0,94,75,9.22,MZ,1613098355
234,abonnema,4.7084,6.7931,77.0,88,20,1.48,NG,1613098355
235,clonakilty,51.6231,-8.8706,39.0,100,75,18.41,IE,1613098355
236,lakes entrance,61.6071,-149.3086,27.0,50,90,16.11,US,1613098355
237,lodja,-3.4833,23.4333,71.56,92,100,2.15,CD,1613098356
238,svetlogorsk,52.6333,29.7333,8.37,95,100,18.34,BY,1613098356
239,bedford,52.1346,-0.4663,28.99,86,38,10.92,GB,1613098356
240,panaba,21.2833,-88.2667,74.23,80,63,7.52,MX,1613098356
241,laguna,38.421,-121.4238,52.0,87,90,5.75,US,1613098306
242,komsomolskiy,40.4272,71.7189,37.4,81,6,4.61,UZ,1613098356
243,yaan,7.3833,8.5667,73.71,78,0,4.97,NG,1613098357
244,necochea,-38.5473,-58.7368,66.0,92,90,5.01,AR,1613098141
245,mayumba,-3.432,10.6554,78.73,84,100,3.56,GA,1613098357
246,torbay,47.6666,-52.7314,23.0,93,90,32.21,CA,1613098286
247,bengkulu,-3.8004,102.2655,84.11,65,97,4.18,ID,1613098302
248,muncar,-8.4333,114.3333,83.82,72,100,4.61,ID,1613098358
249,ancud,-41.8697,-73.8203,52.0,93,0,4.61,CL,1613098280
250,abu samrah,24.6,72.7,59.45,33,33,3.42,IN,1613098164
251,ponta delgada,38.7333,-28.2667,53.89,96,100,26.17,PT,1613098358
252,shahrud,36.4182,54.9763,42.17,60,0,3.27,IR,1613098358
253,carroll,39.5501,-77.0164,28.99,80,90,8.9,US,1613098358
254,port-cartier,50.0334,-66.8654,14.0,92,75,5.44,CA,1613098359
255,hohhot,40.8106,111.6522,32.0,40,48,4.47,CN,1613098359
256,lompoc,34.6391,-120.4579,53.6,82,1,5.75,US,1613098307
257,karpogory,64.0019,44.4451,-5.15,92,100,3.6,RU,1613098359
258,omsukchan,62.5333,155.8,-3.78,90,76,5.35,RU,1613098359
259,emerald,-23.5333,148.1667,87.8,45,75,5.75,AU,1613098359
260,saint-pierre,-21.3393,55.4781,75.2,69,63,8.05,RE,1613098360
261,isangel,-19.55,169.2667,82.94,69,67,3.49,VU,1613098116
262,klaksvik,62.2266,-6.589,30.2,80,40,8.05,FO,1613097819
263,nikolskoye,59.7035,30.7861,3.99,78,75,6.71,RU,1613098360
264,goderich,43.7501,-81.7165,12.2,73,100,11.5,CA,1613098360
265,srednekolymsk,67.45,153.6833,-20.11,85,0,3.89,RU,1613098145
266,lorengau,-2.0226,147.2712,84.38,77,61,7.87,PG,1613098361
267,almaznyy,48.0448,40.045,44.6,87,0,13.42,RU,1613098361
268,chancay,-11.5714,-77.2672,75.2,69,40,8.05,PE,1613098361
269,manassas,38.751,-77.4753,32.0,80,90,5.75,US,1613098193
270,tezu,27.9167,96.1667,75.36,20,0,2.48,IN,1613098361
271,trincomalee,8.5711,81.2335,79.18,65,100,7.65,LK,1613098174
272,dauriya,49.9333,116.8667,5.09,91,60,15.93,RU,1613098362
273,cherskiy,68.75,161.3,-20.52,86,0,1.66,RU,1613098362
274,elat,29.5581,34.9482,64.45,31,0,8.14,IL,1613098362
275,dickinson,29.4608,-95.0513,44.01,87,90,12.66,US,1613098362
276,fairbanks,64.8378,-147.7164,14.0,67,90,4.65,US,1613098362
277,luganville,-15.5333,167.1667,84.02,70,93,3.49,VU,1613098124
278,olinda,-8.0089,-34.8553,80.6,65,75,10.36,BR,1613098363
279,marzuq,14.4,46.4667,51.67,43,57,2.39,YE,1613098171
280,caraz,-9.0486,-77.81,61.48,59,100,3.71,PE,1613098363
281,nanortalik,60.1432,-45.2371,28.27,89,100,12.28,GL,1613098363
282,talcahuano,-36.7167,-73.1167,59.0,94,90,6.91,CL,1613098159
283,bar-le-duc,48.75,5.1667,23.0,68,0,9.22,FR,1613098363
284,pisco,-13.7,-76.2167,73.4,83,75,2.3,PE,1613098364
285,rojhan,28.6868,69.9534,64.17,28,99,9.48,PK,1613098364
286,brae,60.3964,-1.353,37.4,70,40,24.16,GB,1613098364
287,narsaq,60.9167,-46.05,39.2,28,75,41.43,GL,1613098364
288,yinchuan,38.4681,106.2731,42.31,49,50,7.87,CN,1613098364
289,acarau,-2.8856,-40.12,79.59,81,89,13.0,BR,1613098365
290,avarua,-21.2078,-159.775,84.2,70,75,4.61,CK,1613098365
291,graham,47.0529,-122.2943,30.99,80,90,4.61,US,1613098365
292,tallahassee,30.4383,-84.2807,64.4,94,75,3.49,US,1613098322
293,stokmarknes,68.5646,14.9108,35.01,60,100,14.0,NO,1613098365
294,faanui,-16.4833,-151.75,82.49,64,8,9.15,PF,1613098366
295,dodge city,43.4167,-88.7001,8.01,85,90,5.75,US,1613098366
296,korla,41.7597,86.1469,37.9,66,72,2.24,CN,1613098173
297,upernavik,72.7868,-56.1549,0.59,80,100,8.72,GL,1613098277
298,sampang,-7.1872,113.2394,84.2,84,20,8.05,ID,1613098366
299,port hardy,-7.0349,29.7638,73.2,72,100,6.35,CD,1613098330
300,salalah,17.0151,54.0924,69.8,40,0,4.61,OM,1613098335
301,bud,39.447,-86.1758,18.0,75,85,10.2,US,1613098153
302,benghazi,32.1167,20.0667,59.11,72,2,11.83,LY,1613098336
303,wanning,18.8003,110.3967,69.24,65,0,7.43,CN,1613098367
304,pudozh,61.8099,36.5345,-14.64,89,1,2.64,RU,1613098131
305,maneadero,31.7167,-116.5667,57.99,85,12,3.0,MX,1613098101
306,plaine magnien,48.4193,7.1463,19.4,68,88,8.05,FR,1613098367
307,shimoda,34.6667,138.95,51.8,66,75,11.5,JP,1613098134
308,bronnoysund,65.4625,12.1997,35.6,87,75,4.61,NO,1613098368
309,itarema,-2.9248,-39.9167,79.2,82,95,12.12,BR,1613098368
310,pionerskiy,54.9508,20.2275,16.0,79,75,15.66,RU,1613098368
311,ponta do sol,38.7333,-28.2667,53.89,96,100,26.17,PT,1613098358
312,bianzhuang,34.8486,118.0447,54.25,66,25,7.76,CN,1613098368
313,sayyan,15.1718,44.3244,46.42,52,68,3.2,YE,1613098369
314,manakara,-22.1333,48.0167,72.72,92,100,3.09,MG,1613098181
315,kavieng,-2.5744,150.7967,83.07,73,68,3.13,PG,1613098369
316,baruun-urt,46.6806,113.2792,7.47,88,20,6.22,MN,1613098369
317,paris,48.8534,2.3488,27.0,63,0,17.27,FR,1613098212
318,grindavik,63.8424,-22.4338,37.4,87,90,27.63,IS,1613098124
319,bay roberts,43.7334,-84.0166,17.01,67,90,4.99,US,1613098370
320,hamilton,39.1834,-84.5333,23.0,63,90,12.66,US,1613097983
321,tuktoyaktuk,69.4541,-133.0374,-7.6,77,40,8.05,CA,1613098278
322,ust-kuyga,70.0167,135.6,-8.48,84,15,5.41,RU,1613098109
323,guerrero negro,17.6667,-100.0,63.61,69,26,5.55,MX,1613098371
324,pauini,-7.7136,-66.9764,73.35,98,100,2.93,BR,1613098371
325,obidos,-1.9175,-55.5181,75.18,94,99,3.36,BR,1613098372
326,eureka,40.8021,-124.1637,48.99,97,98,1.01,US,1613098132
327,kahului,20.8947,-156.47,80.6,54,20,14.97,US,1613098025
328,kondinskoye,59.6481,67.41,-24.65,87,0,1.97,RU,1613098372
329,manali,13.1667,80.2667,73.4,73,40,3.44,IN,1613098372
330,norman wells,35.2226,-97.4395,19.99,86,90,12.66,US,1613098197
331,bathsheba,13.2167,-59.5167,78.8,65,20,20.71,BB,1613098373
332,lata,40.1629,-8.3327,55.99,92,37,3.94,PT,1613098373
333,caucaia,-3.7361,-38.6531,82.4,78,40,10.36,BR,1613098139
334,vanavara,60.34,102.2797,-16.1,87,96,5.68,RU,1613098150
335,kudahuvadhoo,2.6708,72.8944,80.02,79,1,15.55,MV,1613098373
336,vernon,50.2581,-119.2691,8.6,66,35,3.44,CA,1613098256
337,broome,42.2506,-75.833,14.0,85,75,6.91,US,1613098102
338,jeremoabo,-10.075,-38.4808,70.52,88,38,8.61,BR,1613098096
339,joshimath,30.5667,79.5667,52.09,30,100,4.18,IN,1613098374
340,longyan,25.1072,117.0225,58.69,75,92,3.24,CN,1613098374
341,meulaboh,4.1363,96.1285,84.6,68,93,2.77,ID,1613098375
342,izhma,65.0083,53.9113,-11.31,89,100,2.82,RU,1613098375
343,vezirkopru,41.1436,35.4547,46.4,57,0,10.36,TR,1613098375
344,gorontalo,0.5412,123.0595,91.18,57,79,2.33,ID,1613098375
345,fort nelson,52.6517,6.3861,19.0,92,0,1.01,NL,1613098376
346,tiznit,29.5833,-9.5,56.61,75,0,1.21,MA,1613098376
347,tilichiki,60.4667,166.1,-17.54,83,0,12.21,RU,1613098376
348,tecoanapa,16.5167,-98.75,75.31,83,0,6.8,MX,1613098376
349,kavaratti,10.5669,72.642,81.64,58,24,7.25,IN,1613098320
350,lermontovka,47.1453,134.3383,28.78,90,100,8.25,RU,1613098099
351,hualmay,-11.0964,-77.6139,72.81,75,91,6.04,PE,1613098377
352,san pedro,13.3034,-4.8956,74.95,17,0,8.43,ML,1613098118
353,sovetskiy,61.3614,63.5842,-24.34,86,23,1.79,RU,1613098377
354,sao jose da coroa grande,20.5113,76.2129,71.55,22,99,7.58,IN,1613098377
355,divinopolis,-20.1389,-44.8839,67.37,91,100,3.15,BR,1613098377
356,shingu,33.7333,135.9833,55.4,44,75,3.44,JP,1613098378
357,san quintin,13.3034,-4.8956,74.95,17,0,8.43,ML,1613098118
358,kysyl-syr,63.8986,122.7617,-14.49,88,58,3.62,RU,1613098378
359,calbuco,-41.768,-73.1273,55.4,82,40,6.91,CL,1613098327
360,mbandaka,0.0487,18.2603,75.78,66,0,3.33,CD,1613098378
361,darab,28.7519,54.5444,50.77,40,0,1.48,IR,1613098097
362,middelburg,-25.7751,29.4648,59.31,84,5,12.08,ZA,1613098379
363,longyearbyen,78.2186,15.6401,3.2,72,40,16.11,SJ,1613098379
364,ampanihy,-24.7,44.75,74.16,73,99,8.68,MG,1613098379
365,malakal,9.5334,31.6605,72.14,22,1,4.94,SS,1613098379
366,vilyuysk,63.7553,121.6247,-16.29,88,18,3.0,RU,1613098380
367,alihe,50.5667,123.7167,15.66,87,30,13.15,CN,1613098380
368,wlodawa,51.55,23.55,8.6,85,90,11.5,PL,1613098380
369,thinadhoo,0.5333,72.9333,81.21,77,86,13.6,MV,1613098101
370,iquitos,-3.7481,-73.2472,77.0,94,90,5.75,PE,1613098352
371,pochutla,15.7432,-96.4661,77.0,78,1,4.25,MX,1613098380
372,daru,-9.0763,143.2092,78.55,87,100,3.67,PG,1613098381
373,warmbad,-28.45,18.7333,76.32,57,79,4.79,NA,1613098381
374,kapuskasing,49.4169,-82.4331,-20.2,69,20,2.3,CA,1613098381
375,hofn,64.2539,-15.2082,41.04,68,100,19.04,IS,1613098381
376,smithers,54.7804,-127.1743,-0.4,55,1,3.44,CA,1613098382
377,eyl,7.9803,49.8164,68.65,80,98,10.42,SO,1613098356
378,bairiki,1.3292,172.9752,86.0,70,40,10.36,KI,1613098382
379,fergus falls,47.3,-109.2674,-24.0,85,1,13.8,US,1613098382
380,ossora,59.2353,163.0719,-0.69,82,0,7.34,RU,1613098382
381,mana,5.6592,-53.7767,78.01,84,82,11.18,GF,1613098383
382,ovruch,51.3246,28.8035,9.37,95,100,15.1,UA,1613098383
383,port macquarie,-7.0349,29.7638,72.81,70,100,4.34,CD,1613098383
384,ucluelet,48.9329,-125.5528,30.97,80,100,13.2,CA,1613098101
385,mackenzie,55.2999,-123.1698,-7.6,59,1,4.61,CA,1613098383
386,sorland,67.667,12.6934,35.55,80,100,28.25,NO,1613098170
387,coihaique,-45.5752,-72.0662,51.8,62,0,3.44,CL,1613098107
388,coquimbo,-29.9533,-71.3436,62.6,88,0,4.61,CL,1613098140
389,santiago del estero,-33.4569,-70.6483,72.0,82,75,8.05,CL,1613098384
390,raudeberg,61.9875,5.1352,23.0,63,0,8.05,NO,1613098111
391,dicabisagan,17.0818,122.4157,77.83,82,82,8.88,PH,1613098384
392,fayaoue,-20.65,166.5333,80.19,70,43,4.25,NC,1613098385
393,nisia floresta,39.3942,21.6373,48.2,61,20,5.75,GR,1613098385
394,freetown,8.484,-13.2299,77.07,83,97,4.9,SL,1613098385
395,atbasar,51.8,68.3333,-2.97,92,84,5.55,KZ,1613098385
396,asyut,27.181,31.1837,54.16,39,0,6.6,EG,1613098204
397,aitape,-3.1374,142.3475,84.92,68,90,3.74,PG,1613098386
398,riyadh,24.6877,46.7219,51.8,40,0,3.44,SA,1613097944
399,winkler,49.1817,-97.941,-16.6,52,86,4.61,CA,1613098386
400,plettenberg bay,51.2167,7.8833,12.99,92,0,3.89,DE,1613098386
401,balkanabat,39.5108,54.3671,47.88,66,19,3.33,TM,1613098386
402,manaus,-3.1019,-60.025,78.8,89,40,8.05,BR,1613098386
403,axim,4.8699,-2.2405,80.13,84,23,9.01,GH,1613098386
404,sambava,-14.2667,50.1667,76.71,84,100,4.25,MG,1613098158
405,mezen,65.8522,44.24,-5.49,90,100,4.61,RU,1613098387
406,kaduy,59.2,37.15,-9.4,77,75,4.47,RU,1613098387
407,yabassi,4.457,9.9682,80.6,100,75,2.3,CM,1613098387
408,yashalta,46.3395,42.2762,43.25,84,100,9.75,RU,1613098388
409,port-gentil,-0.7193,8.7815,80.92,84,100,10.27,GA,1613098329
410,beringovskiy,63.05,179.3167,-20.78,85,74,20.11,RU,1613098336
411,shenyang,41.7922,123.4328,44.6,61,20,4.47,CN,1613098388
412,kyabram,-36.3167,145.05,73.99,61,96,7.27,AU,1613098388
413,praia da vitoria,14.9215,-23.5087,69.8,68,0,16.11,CV,1613098389
414,scandiano,44.5965,10.6907,41.0,73,94,1.99,IT,1613098389
415,coos bay,43.1665,-124.0015,50.0,93,90,11.5,US,1613098389
416,raga,8.4596,25.678,64.45,27,57,1.99,SS,1613098389
417,ormond beach,-37.904,145.0433,73.0,58,51,8.19,AU,1613098390
418,osa,57.2829,55.4567,-4.86,89,58,5.3,RU,1613098096
419,bur gabo,56.365,8.4267,15.01,92,0,1.14,DK,1613098390
420,qostanay,53.1667,63.5833,12.2,85,90,6.71,KZ,1613098390
421,half moon bay,6.3807,-10.6953,78.06,91,70,3.83,LR,1613098390
422,port washington,-7.0349,29.7638,73.2,72,100,6.35,CD,1613098317
423,ahipara,-35.1667,173.1667,69.51,56,0,9.44,NZ,1613098391
424,olafsvik,64.8945,-23.7142,37.9,77,98,17.67,IS,1613098391
425,tiarei,-17.5333,-149.3333,86.0,62,75,3.44,PF,1613098391
426,weener,53.1667,7.35,21.99,88,0,7.09,DE,1613098391
427,hurricane,37.1753,-113.2899,59.0,31,20,5.75,US,1613098391
428,san nicolas,13.3034,-4.8956,74.95,17,0,8.43,ML,1613098201
429,seymchan,62.8833,152.4333,-2.29,90,69,1.25,RU,1613098392
430,oranjemund,-28.55,16.4333,63.43,91,15,11.1,NA,1613098392
431,boshnyakovo,49.6333,142.1667,19.27,97,96,3.38,RU,1613098392
432,ulaanbaatar,47.9077,106.8832,-2.2,78,75,1.52,MN,1613098392
433,yumen,40.2833,97.2,37.9,61,100,23.64,CN,1613098392
434,shaunavon,49.6501,-108.4181,-25.6,68,100,20.71,CA,1613098392
435,songjianghe,42.1859,127.479,38.48,69,100,7.05,CN,1613098393
436,wattegama,6.7989,81.4808,73.4,94,20,5.75,LK,1613098393
437,champerico,14.3,-91.9167,64.99,91,17,6.93,GT,1613098393
438,san alberto,13.3034,-4.8956,74.95,17,0,8.43,ML,1613098118
439,avare,-23.0986,-48.9258,60.19,95,71,4.45,BR,1613098394
440,voh,-20.9667,164.7,82.67,68,14,8.03,NC,1613098394
441,mnogovershinnyy,53.9353,139.9242,16.54,95,2,2.19,RU,1613098394
442,skibbereen,51.55,-9.2667,37.4,100,75,18.41,IE,1613098394
443,bilma,18.6853,12.9164,64.9,23,0,9.6,NE,1613098395
444,salina,38.8403,-97.6114,10.4,61,90,11.5,US,1613098395
445,pokhvistnevo,53.6524,52.1274,23.74,97,98,3.49,RU,1613098395
446,camacha,33.0833,-16.3333,59.0,88,20,8.05,PT,1613098395
447,berga,60.392,5.328,19.99,52,0,1.14,NO,1613098395
448,teya,60.3778,92.6267,-13.38,84,100,8.19,RU,1613098395
449,iwanai,42.9744,140.5089,37.4,72,21,2.24,JP,1613098396
450,rovenki,48.0833,39.3776,41.43,89,100,14.16,UA,1613098396
451,pontes e lacerda,-4.8333,-43.3667,75.2,94,75,6.91,BR,1613098396
452,kamenka,51.3223,42.7678,30.99,97,100,7.0,RU,1613098123
453,naze,28.3667,129.4833,64.4,77,75,24.16,JP,1613098326
454,phan thiet,19.5539,99.7405,70.0,88,0,2.3,TH,1613098397
455,neiafu,-18.65,-173.9833,84.2,79,40,11.5,TO,1613098397
456,antsohihy,-14.8796,47.9875,74.57,92,100,2.48,MG,1613098397
457,erie,42.7667,-78.6664,8.01,87,69,2.73,US,1613098284
458,vila franca do campo,42.0304,-8.1588,48.0,96,56,14.0,PT,1613098398
459,nouadhibou,20.931,-17.0347,62.6,77,0,23.02,MR,1613098398
460,yima,34.7381,111.8839,58.28,36,0,0.87,CN,1613098398
461,smoky lake,38.6465,-76.6508,33.01,89,100,10.16,US,1613098398
462,altus,34.6381,-99.334,23.0,74,90,11.5,US,1613098399
463,kyren,51.6828,102.1408,0.19,85,100,1.81,RU,1613098399
464,dunmore town,41.4198,-75.6324,21.2,63,1,8.05,US,1613098206
465,teguise,29.0605,-13.564,64.4,82,90,10.36,ES,1613098399
466,rio gallegos,38.3,21.7833,55.0,76,20,6.69,GR,1613098399
467,guangyuan,32.442,105.823,46.0,81,0,5.41,CN,1613098400
468,erdenet,49.0333,104.0833,5.07,93,100,3.71,MN,1613098400
469,cam ranh,-38.9838,-67.8222,80.6,47,40,2.3,AR,1613098400
470,namatanai,-3.6667,152.4333,83.55,75,61,6.71,PG,1613098350
471,lincoln,40.8,-96.667,3.2,72,90,16.11,US,1613098019
472,suntar,62.1444,117.6319,-14.78,86,47,4.45,RU,1613098401
473,cayenne,4.9333,-52.3333,77.0,100,75,3.44,GF,1613098376
474,guarapari,-20.6667,-40.4975,77.0,83,0,3.44,BR,1613098401
475,guanare,9.0418,-69.7421,74.84,53,55,1.83,VE,1613098401
476,huarmey,-10.0681,-78.1522,73.08,74,97,7.63,PE,1613098097
477,yenagoa,4.9247,6.2642,77.34,91,1,2.91,NG,1613098130
478,polyarnyy,69.1989,33.4478,-11.2,77,0,12.77,RU,1613098402
479,denpasar,-8.65,115.2167,80.6,89,75,3.44,ID,1613098119
480,mecca,21.4267,39.8261,71.42,65,0,0.56,SA,1613098402
481,dalhousie,32.5333,75.9833,44.49,49,10,7.07,IN,1613098402
482,hami,42.8,93.45,34.03,71,82,8.21,CN,1613098142
483,cockburn town,-32.0833,141.0,80.6,47,40,13.8,AU,1613098403
484,hafizabad,32.0679,73.6854,58.39,48,70,1.36,PK,1613098403
485,ndele,8.4109,20.6473,66.9,25,60,3.44,CF,1613098403
486,jobner,26.9667,75.3833,60.8,63,20,5.75,IN,1613098403
487,farso,56.7728,9.3393,15.01,78,0,5.5,DK,1613098403
488,onguday,50.75,86.15,1.81,84,93,2.13,RU,1613098404
489,saldanha,-33.0117,17.9442,64.4,94,5,10.36,ZA,1613098404
490,polunochnoye,60.8697,60.4153,-17.34,89,100,1.72,RU,1613098404
491,pombas,17.1503,-25.0201,69.8,78,40,18.41,CV,1613098404
492,haines junction,59.2286,-135.4441,12.2,52,1,14.97,US,1613098404
493,deniliquin,-35.5333,144.9667,73.0,61,68,10.42,AU,1613098405
494,abaete,-19.16,-45.4458,69.42,94,100,6.64,BR,1613098261
495,saint-francois,46.4154,3.9054,25.0,80,40,12.66,FR,1613098405
496,mizdah,31.4451,12.9801,47.84,74,0,4.59,LY,1613098406
497,krasnoselkup,65.7,82.4667,-34.33,82,0,5.84,RU,1613098406
498,waipawa,-41.4122,175.5153,66.0,72,75,17.27,NZ,1613098172
499,macapa,0.0389,-51.0664,77.0,94,0,2.3,BR,1613098353
500,vahagni,40.907,44.6087,21.2,93,0,5.97,AM,1613098406
501,pangai,-19.8,-174.35,86.0,79,20,9.22,TO,1613098406
502,berezovyy,51.6667,135.7,14.83,92,100,3.15,RU,1613098407
503,pedernales,18.0384,-71.744,75.97,58,0,9.6,DO,1613098407
504,pimentel,-6.8367,-79.9342,73.99,86,81,1.99,PE,1613098278
505,andra,62.5147,65.8878,-28.34,86,7,0.54,RU,1613098407
506,san cristobal,13.3034,-4.8956,74.95,17,0,8.43,ML,1613098201
507,doka,13.5167,35.7667,69.26,24,95,5.88,SD,1613098407
508,solnechnyy,50.7214,136.6319,16.3,92,100,3.49,RU,1613098408
509,altamira,-3.2033,-52.2064,73.54,96,100,3.15,BR,1613098408
510,gondar,12.6,37.4667,53.98,40,67,4.23,ET,1613098408
511,kuvandyk,51.4781,57.3552,30.47,98,100,6.38,RU,1613098408
512,campoverde,-8.4753,-74.8058,72.54,98,100,4.41,PE,1613098408
513,erzin,36.9559,36.2,52.0,89,14,10.0,TR,1613098409
514,victor harbor,42.9826,-77.4089,18.0,72,100,1.41,US,1613098409
515,flinders,-34.5833,150.8552,87.01,73,0,6.91,AU,1613098409
516,richards bay,46.8361,-95.9123,-13.0,70,75,6.91,US,1613098409
517,itatiaia,-22.4961,-44.5633,69.51,88,100,1.01,BR,1613098409
518,esmeraldas,-19.7625,-44.3139,69.8,94,75,9.22,BR,1613098409
519,trelew,-43.249,-65.3051,79.21,35,39,19.28,AR,1613098410
520,carutapera,-1.195,-46.02,79.14,83,99,7.16,BR,1613098410
521,sitamau,24.0167,75.35,65.88,26,0,5.46,IN,1613098410
522,nago,26.5881,127.9761,66.2,82,90,23.02,JP,1613098332
523,guatire,10.4762,-66.5427,78.8,78,20,4.61,VE,1613098410
524,lavrentiya,65.5833,-171.0,-20.58,81,65,13.82,RU,1613098411
525,zomba,-15.386,35.3188,63.99,98,100,1.16,MW,1613098411
526,payo,-3.7508,103.6372,80.2,87,100,2.73,ID,1613098411
527,bonavista,48.6499,-53.1147,25.0,93,100,11.5,CA,1613098411
528,moyale,3.5167,39.0584,66.88,49,14,4.65,KE,1613098411
